employee_id,department,age,tenure_years,monthly_salary,performance_score,overtime_hours,training_hours,satisfaction_score,left_company
1,Finanzas,41,5.6,9256,3.58,35,28,1.35,0
2,Tecnologia,38,2.7,2002,4.73,31,49,2.85,1
3,Ventas,43,0.5,7863,2.93,39,29,1.58,0
4,Tecnologia,39,2.9,3542,3.74,10,12,1.46,0
5,RRHH,52,3.9,5732,4.8,21,10,1.85,0
6,Ventas,44,3.1,8890,4.86,4,10,2.39,0
7,Ventas,35,15.3,4660,4.04,31,45,3.83,0
8,Finanzas,37,7.5,8052,4.94,19,12,1.57,0
9,Operaciones,38,1.5,6287,4.33,42,13,1.69,0
10,Ventas,28,0.1,5873,4.92,5,41,2.44,1
11,Ventas,28,0.5,6118,4.01,37,32,4.95,0
12,Tecnologia,56,1.3,9125,3.96,35,59,1.55,0
13,Operaciones,21,1.4,7510,2.17,30,17,1.73,0
14,Finanzas,42,0.1,5180,3.47,20,42,1.5,1
15,Operaciones,50,0.1,4483,2.99,44,24,4.58,1
16,Tecnologia,51,0.0,9373,2.14,35,22,2.21,0
17,Operaciones,30,1.0,9487,3.91,15,4,3.79,0
18,Ventas,30,2.9,5232,4.91,32,2,4.28,0
19,RRHH,22,1.6,6229,3.72,6,16,4.02,0
20,Finanzas,41,10.0,3851,3.06,33,12,3.53,0
21,Ventas,37,0.5,9156,4.83,14,7,4.0,0
22,RRHH,36,0.8,7466,4.05,29,58,3.17,0
23,Operaciones,47,5.6,5554,2.47,33,6,2.12,1
24,Ventas,56,0.7,6526,3.82,3,48,2.03,0
25,Tecnologia,23,8.2,9338,4.57,42,55,4.12,0
26,Finanzas,40,1.9,8488,4.33,25,34,1.5,0
27,Ventas,26,4.0,8372,3.49,44,8,4.77,0
28,Tecnologia,34,0.1,4441,4.05,33,33,1.01,0
29,Ventas,23,0.6,7073,4.65,10,22,4.55,0
30,Ventas,53,4.8,8714,4.22,4,56,2.58,0
31,Operaciones,52,1.2,7483,3.7,35,8,4.64,0
32,Ventas,32,3.5,2674,4.93,10,34,3.94,0
33,Operaciones,43,0.0,6843,2.18,37,24,3.46,1
34,Ventas,21,0.9,4376,2.94,7,8,3.14,0
35,Operaciones,42,0.1,7967,4.86,42,3,1.17,0
36,Tecnologia,22,11.3,3121,2.09,19,13,3.24,0
37,Tecnologia,35,3.0,4165,4.09,1,23,4.32,0
38,Operaciones,39,2.8,6008,3.59,3,37,4.55,0
39,Ventas,56,2.7,6702,3.79,4,43,1.06,0
40,Operaciones,31,3.6,8355,2.22,32,42,4.76,0
41,Ventas,55,8.2,9183,2.02,21,2,3.94,0
42,Operaciones,27,2.5,5450,2.96,23,40,1.39,0
43,Ventas,31,0.8,4509,3.2,6,47,2.22,0
44,Operaciones,47,0.1,3231,3.89,0,30,2.96,0
45,Ventas,35,1.2,4604,3.63,20,10,1.46,0
46,Tecnologia,28,0.8,5068,2.18,35,19,1.6,0
47,Operaciones,50,0.6,6777,2.16,26,50,1.76,1
48,Tecnologia,51,7.2,2301,4.0,17,42,1.49,0
49,Operaciones,45,1.4,2404,4.53,4,54,1.48,0
50,Tecnologia,29,2.2,6848,3.46,29,0,2.59,0
51,Ventas,46,1.1,6188,2.71,38,56,4.66,0
52,Ventas,52,1.9,5818,3.19,42,14,3.82,0
53,Ventas,45,4.4,9486,2.17,3,45,1.44,0
54,Ventas,35,7.4,5980,4.16,6,34,3.14,0
55,Operaciones,56,6.2,2833,2.67,2,48,1.72,0
56,Finanzas,36,4.9,8448,3.43,35,24,3.34,0
57,Finanzas,31,0.9,4418,2.87,7,44,4.32,0
58,Tecnologia,54,1.4,6797,3.11,13,55,4.44,0
59,Ventas,31,5.0,5164,3.53,39,57,4.82,0
60,Ventas,48,4.6,3736,2.57,39,56,3.27,0
61,RRHH,50,1.1,3783,4.18,27,1,2.55,0
62,Ventas,52,1.3,7681,2.32,21,21,4.79,0
63,Finanzas,29,9.6,7735,4.27,34,56,3.02,0
64,Operaciones,29,2.2,7967,2.14,34,45,2.07,1
65,Ventas,44,3.4,5990,3.45,23,29,1.49,0
66,Operaciones,57,10.0,2195,3.77,25,4,4.11,0
67,RRHH,37,8.5,2061,2.67,2,3,2.51,0
68,RRHH,26,0.6,8819,2.1,13,15,3.99,0
69,Tecnologia,52,1.5,8225,4.12,12,40,4.46,0
70,Ventas,33,9.3,3409,4.08,5,46,3.38,0
71,Tecnologia,40,3.8,9355,2.09,2,1,2.66,0
72,Finanzas,24,4.8,2038,2.51,27,37,2.72,0
73,Operaciones,33,5.5,7943,2.44,27,7,1.38,0
74,Ventas,33,1.3,3714,3.04,19,7,4.24,0
75,Tecnologia,55,2.4,7119,2.48,12,0,3.06,0
76,Ventas,26,11.0,9010,3.3,25,17,2.94,0
77,Finanzas,37,4.3,4246,4.17,31,37,2.23,0
78,Operaciones,56,1.7,8261,4.44,0,11,1.51,0
79,Operaciones,25,0.9,2319,4.51,40,38,3.81,0
80,Operaciones,47,0.3,2829,2.72,40,43,1.38,1
81,Finanzas,38,1.9,9005,3.48,20,22,1.33,0
82,Operaciones,42,1.2,5384,4.49,20,16,4.04,0
83,Ventas,25,2.7,3584,4.73,27,13,1.8,0
84,Tecnologia,39,12.8,6056,4.17,17,37,1.48,0
85,Tecnologia,54,0.2,5762,3.44,33,30,2.52,0
86,Ventas,24,3.3,6162,2.49,8,4,3.21,0
87,Ventas,35,0.7,7189,4.37,29,36,3.7,0
88,Tecnologia,24,0.5,7795,2.86,16,3,3.2,0
89,Tecnologia,27,6.8,6267,2.5,15,57,3.18,0
90,Ventas,43,0.5,6194,2.55,29,2,2.77,0
91,Tecnologia,50,0.0,7799,4.1,18,48,4.32,0
92,RRHH,28,3.1,6712,4.76,8,12,2.58,1
93,Finanzas,22,13.4,6012,2.4,42,0,1.26,0
94,Tecnologia,34,4.1,5554,4.94,2,40,3.01,0
95,Operaciones,40,3.3,5130,4.32,0,57,1.97,0
96,Ventas,25,7.6,6760,3.05,24,35,1.27,1
97,Tecnologia,37,3.3,5396,2.2,4,57,1.57,0
98,Tecnologia,57,2.6,5134,3.24,25,34,2.3,1
99,Finanzas,32,2.6,5565,3.63,8,40,4.79,0
100,Ventas,40,5.9,4905,3.05,25,54,3.22,0
101,Finanzas,29,1.8,6734,4.44,14,8,4.34,0
102,Operaciones,55,1.5,3334,3.13,25,48,4.26,0
103,Tecnologia,36,0.7,3575,3.59,43,52,2.61,1
104,Ventas,47,1.2,8247,3.73,38,12,2.89,1
105,Ventas,24,1.9,3580,4.36,28,4,3.82,0
106,Tecnologia,46,0.1,9071,2.29,42,59,1.49,0
107,Tecnologia,49,1.1,9083,4.51,28,12,2.61,0
108,Tecnologia,23,0.0,8854,3.76,18,55,3.28,0
109,Finanzas,54,0.3,4311,4.5,33,9,1.91,0
110,Ventas,51,1.4,8748,3.5,9,37,1.24,1
111,Ventas,43,2.4,3390,3.69,8,7,1.22,1
112,Finanzas,46,1.1,5536,4.8,8,15,4.49,0
113,Ventas,43,5.9,3157,3.87,30,40,2.03,0
114,Ventas,28,1.0,7630,3.94,22,22,1.69,1
115,Tecnologia,45,1.2,8752,4.51,27,22,4.23,1
116,RRHH,52,0.7,7961,4.72,12,41,2.64,0
117,Finanzas,31,1.6,6069,2.73,4,51,2.38,0
118,Operaciones,36,0.5,4635,3.99,31,44,1.39,1
119,Ventas,52,0.8,8033,2.36,30,51,2.0,0
120,Finanzas,46,1.7,6658,2.2,33,32,2.98,0
121,Operaciones,43,0.2,6890,3.91,2,42,4.83,0
122,Ventas,57,7.1,4306,3.47,37,13,1.39,0
123,Finanzas,43,2.1,6629,4.64,2,38,4.86,0
124,Tecnologia,52,1.5,8870,3.11,28,20,4.94,0
125,Tecnologia,51,0.4,1872,4.56,38,34,2.11,0
126,Finanzas,25,2.9,4190,4.29,30,0,3.59,0
127,Ventas,26,1.6,7585,2.98,31,51,4.04,0
128,Tecnologia,49,0.7,6841,2.83,42,21,2.63,0
129,RRHH,57,3.5,7927,4.13,38,47,2.91,0
130,Operaciones,36,2.1,4315,4.33,14,31,2.28,0
131,Finanzas,37,7.9,3640,3.73,23,35,3.61,0
132,Tecnologia,42,6.6,7165,2.41,42,49,2.94,0
133,Tecnologia,23,1.4,5064,4.4,13,9,1.73,0
134,Operaciones,42,1.6,6444,3.88,14,41,3.33,0
135,Ventas,50,7.8,1974,3.93,10,15,4.72,0
136,Tecnologia,25,10.7,9458,3.6,8,31,1.81,0
137,Tecnologia,42,5.0,6247,3.21,3,32,4.18,0
138,Finanzas,28,0.2,7300,4.44,42,51,3.13,0
139,Ventas,41,0.1,3341,3.58,8,7,4.25,0
140,Tecnologia,41,3.1,6967,4.24,44,31,3.27,1
141,Ventas,41,4.5,6792,3.55,30,42,1.4,0
142,Finanzas,35,3.9,4063,2.41,25,4,2.23,0
143,Finanzas,23,4.8,3393,2.36,21,22,4.18,0
144,Operaciones,29,0.6,6337,2.09,11,23,3.04,0
145,Tecnologia,28,0.1,9411,2.91,26,8,3.4,0
146,Finanzas,43,2.6,5936,2.39,10,14,2.22,0
147,Finanzas,34,7.1,6545,4.42,38,45,3.55,0
148,Operaciones,34,0.9,5899,3.51,18,31,1.09,0
149,Finanzas,45,0.7,2370,3.72,2,3,1.59,0
150,Finanzas,35,6.8,2167,3.38,17,21,2.16,0
151,Finanzas,37,1.3,7470,3.99,3,37,2.88,0
152,Ventas,27,1.4,6380,3.57,41,29,2.03,1
153,Ventas,49,3.0,2575,4.8,3,0,3.47,0
154,Ventas,25,1.0,5890,4.52,29,16,4.33,0
155,Finanzas,24,8.9,7308,2.56,31,46,1.35,0
156,Operaciones,40,0.7,2109,4.62,4,17,2.22,0
157,Ventas,32,0.1,4613,3.41,4,11,3.63,0
158,RRHH,51,1.9,1969,4.9,9,52,3.45,0
159,RRHH,57,2.8,6731,3.79,22,14,4.32,0
160,Operaciones,37,1.0,1850,2.0,17,26,3.7,0
161,Finanzas,23,4.6,8094,2.03,43,19,4.21,0
162,Tecnologia,31,0.2,7806,2.81,41,27,1.05,1
163,RRHH,29,1.2,3205,4.47,14,23,1.52,0
164,Ventas,23,1.9,3370,3.66,15,39,4.36,0
165,Tecnologia,52,9.5,4878,2.25,39,17,3.44,0
166,Tecnologia,26,0.5,6537,3.48,26,20,1.63,1
167,Ventas,27,0.5,4822,2.64,12,43,2.78,0
168,Tecnologia,29,0.7,8907,2.16,12,23,2.96,0
169,Finanzas,53,4.5,3708,3.08,33,53,3.62,0
170,Operaciones,40,1.1,2206,2.55,4,22,3.62,0
171,Operaciones,45,1.2,2899,2.54,14,10,4.12,0
172,Finanzas,58,2.7,3232,3.58,14,48,4.94,0
173,Tecnologia,42,1.7,2973,4.24,8,4,3.1,0
174,Finanzas,54,3.1,5605,4.98,14,28,4.69,0
175,Ventas,50,2.2,6522,4.11,22,30,3.89,0
176,Finanzas,31,3.9,3103,2.43,43,7,4.26,0
177,Operaciones,40,13.8,4305,3.84,8,1,1.38,0
178,Operaciones,46,1.4,7414,2.57,32,21,1.86,0
179,Operaciones,42,0.8,4481,3.0,10,43,1.87,0
180,Ventas,48,0.5,7113,3.92,28,33,3.4,0
181,Ventas,41,1.6,5775,4.49,43,51,2.13,1
182,Operaciones,44,7.9,9000,3.07,29,52,1.78,0
183,Tecnologia,24,0.7,8891,2.68,23,44,4.77,0
184,Finanzas,47,1.4,7855,2.33,14,4,2.92,0
185,Operaciones,43,6.5,8074,3.7,42,16,3.14,0
186,Operaciones,50,6.7,6934,4.9,14,23,2.87,0
187,Operaciones,47,3.1,5885,3.63,34,36,2.85,1
188,Operaciones,51,4.5,9360,2.1,30,9,2.02,0
189,Tecnologia,42,6.5,3136,2.92,1,17,2.28,0
190,Tecnologia,30,0.3,5521,4.16,23,37,4.45,0
191,Finanzas,48,1.7,5595,4.84,13,29,4.74,0
192,Operaciones,23,7.7,6088,2.44,16,44,2.08,0
193,Operaciones,44,2.2,2714,4.59,15,17,2.84,0
194,Ventas,32,0.7,3991,4.33,12,54,1.72,0
195,Operaciones,56,2.0,9042,3.28,12,33,4.16,0
196,Ventas,39,5.1,9362,4.81,3,59,3.65,0
197,RRHH,52,10.3,4300,3.6,12,28,4.17,0
198,Operaciones,53,5.8,3809,3.02,43,12,4.81,0
199,Ventas,36,2.4,7022,3.26,18,44,4.25,0
200,Ventas,57,3.6,4624,2.73,24,48,4.03,0
201,Tecnologia,51,0.4,3599,3.28,6,35,1.12,0
202,Finanzas,36,10.7,5089,3.93,8,12,1.92,0
203,Tecnologia,36,3.2,2092,3.13,3,48,4.82,0
204,RRHH,32,0.1,6412,2.4,8,24,1.7,0
205,Ventas,30,6.4,5972,4.76,0,36,4.69,0
206,Operaciones,56,0.4,5957,4.18,40,9,3.09,0
207,Ventas,37,2.2,8091,2.53,35,59,3.18,0
208,Tecnologia,53,0.9,9309,4.48,21,10,4.55,0
209,Ventas,33,1.2,6964,4.85,16,8,1.47,0
210,Finanzas,35,3.6,7160,2.84,33,50,4.49,0
211,RRHH,32,0.0,4868,3.62,29,0,2.74,0
212,RRHH,50,2.4,6251,4.8,36,22,1.6,0
213,Ventas,56,0.8,5085,3.0,8,39,3.26,0
214,Ventas,39,6.6,8507,3.09,29,24,1.35,0
215,Finanzas,37,1.3,8092,2.56,25,33,3.49,0
216,RRHH,42,1.4,3313,3.38,44,15,4.08,0
217,Tecnologia,46,1.7,3277,4.71,33,47,4.35,0
218,Ventas,55,5.0,3573,4.9,19,45,1.55,0
219,Tecnologia,31,2.3,4329,2.48,5,30,3.12,0
220,Operaciones,48,4.1,2868,4.79,14,37,3.6,0
221,Operaciones,38,4.5,4933,2.59,0,11,4.48,0
222,Operaciones,28,1.3,9357,4.63,0,6,3.94,0
223,Ventas,43,0.8,8589,4.39,12,39,2.5,0
224,Finanzas,48,2.1,9399,2.09,35,21,1.23,1
225,Tecnologia,24,2.8,4198,3.12,30,40,1.98,0
226,Ventas,34,0.1,9096,2.87,27,17,1.28,0
227,Ventas,30,0.2,4754,4.55,26,15,3.93,0
228,Finanzas,46,3.6,7134,2.72,41,44,1.03,0
229,Ventas,35,11.2,8588,3.38,37,0,2.55,0
230,Tecnologia,34,9.0,2086,4.16,28,7,3.66,0
231,Ventas,29,1.0,4094,5.0,0,12,4.3,0
232,Operaciones,41,6.1,3049,3.09,11,33,4.85,0
233,Tecnologia,51,3.1,7222,3.0,5,45,4.57,0
234,Finanzas,41,3.5,1858,3.6,36,48,2.93,1
235,Tecnologia,37,5.9,7055,4.76,32,44,2.78,0
236,Ventas,53,1.6,7649,4.98,39,48,1.1,1
237,Operaciones,46,5.9,2873,2.86,39,48,1.3,0
238,Ventas,24,5.5,2820,3.41,20,47,2.53,0
239,Ventas,42,0.4,2088,3.99,33,27,2.43,0
240,Operaciones,26,2.8,8541,2.57,6,58,4.8,0
241,Tecnologia,54,1.8,3711,2.51,20,30,4.46,0
242,Ventas,29,6.2,4377,3.0,0,51,2.84,0
243,Tecnologia,50,1.0,6278,4.34,0,12,4.47,0
244,Tecnologia,34,0.6,4670,2.08,25,13,1.59,0
245,Finanzas,50,1.2,3859,4.86,24,30,2.16,0
246,Ventas,54,10.9,8895,3.32,2,17,4.79,0
247,Operaciones,33,0.5,4202,3.91,32,56,1.42,1
248,Tecnologia,32,5.0,8151,3.3,28,49,2.34,0
249,Ventas,22,0.7,4921,3.14,2,8,1.54,0
250,Ventas,42,0.8,2558,2.47,15,13,4.46,0
251,Tecnologia,48,6.4,6759,4.38,5,21,3.48,0
252,Finanzas,49,2.9,5597,4.62,34,37,4.72,0
253,Ventas,54,0.7,7705,2.22,35,28,1.59,1
254,Operaciones,22,0.8,1919,4.37,1,40,2.33,0
255,Finanzas,33,2.6,8709,2.2,3,4,1.94,0
256,Tecnologia,46,1.0,9240,3.39,33,4,3.3,1
257,Ventas,27,1.9,2679,2.97,34,50,3.66,0
258,Tecnologia,56,5.8,6189,2.28,35,29,3.21,1
259,Ventas,31,2.1,3868,3.73,35,0,2.39,1
260,Operaciones,46,0.4,8391,3.71,12,32,2.27,0
261,RRHH,40,2.4,6738,3.76,22,30,1.55,1
262,Finanzas,43,10.8,9016,3.37,21,52,4.54,0
263,Finanzas,38,5.2,6610,4.96,25,52,4.62,0
264,Tecnologia,50,5.3,4814,2.91,43,2,1.62,0
265,Operaciones,53,2.7,5897,3.84,6,34,3.97,0
266,Operaciones,27,7.7,6134,2.23,31,13,4.9,0
267,Tecnologia,37,3.9,2617,2.15,9,21,2.22,0
268,Operaciones,34,0.3,8667,4.97,1,55,1.22,0
269,Tecnologia,35,3.5,8416,3.8,31,59,1.02,0
270,Ventas,22,2.1,3422,2.48,11,47,3.66,0
271,Operaciones,51,0.8,2271,2.97,3,6,2.31,0
272,Finanzas,38,0.0,8693,4.76,3,32,4.59,0
273,Operaciones,55,0.6,4156,2.77,4,6,3.4,0
274,RRHH,54,4.8,5389,4.37,7,59,2.09,0
275,Operaciones,21,0.9,6446,4.02,23,10,4.83,0
276,Finanzas,40,1.9,3479,2.33,13,22,4.99,0
277,Operaciones,49,3.6,8323,2.01,33,47,3.07,0
278,Tecnologia,26,7.4,5607,4.91,36,48,4.17,0
279,Finanzas,41,1.8,9307,3.23,4,36,4.54,0
280,Tecnologia,40,3.8,8715,3.64,29,26,2.71,0
281,Finanzas,22,4.3,5012,2.22,2,39,4.91,0
282,RRHH,36,0.3,2935,4.76,28,47,2.05,1
283,Ventas,36,2.0,4564,2.01,43,0,3.75,0
284,Finanzas,38,0.3,7052,2.93,19,11,4.34,0
285,RRHH,30,4.9,2163,3.11,27,30,2.98,0
286,Operaciones,46,1.3,6840,4.42,40,16,2.74,1
287,Tecnologia,54,7.4,3635,4.47,22,55,1.63,0
288,Ventas,23,9.8,5084,4.99,16,38,1.17,0
289,Finanzas,21,8.1,6937,2.49,12,59,2.38,0
290,Finanzas,49,6.4,4482,2.31,20,34,3.35,0
291,Finanzas,21,6.2,3809,4.0,14,34,1.32,0
292,Finanzas,29,0.2,3161,2.79,18,55,4.02,0
293,Finanzas,27,1.4,9011,4.41,41,52,4.24,0
294,Finanzas,49,14.4,2552,4.39,14,58,4.44,0
295,RRHH,49,7.3,5785,4.42,33,45,3.12,0
296,Finanzas,53,8.5,9178,3.67,13,36,2.27,0
297,Ventas,38,2.9,6450,2.9,12,36,4.06,0
298,Finanzas,42,2.3,3746,4.06,36,8,4.99,0
299,Operaciones,54,0.2,4402,2.12,11,55,3.49,0
300,Tecnologia,28,3.9,8862,2.26,41,55,1.11,1
301,RRHH,25,2.5,4628,3.39,15,58,1.45,0
302,Ventas,26,10.2,8763,2.49,36,30,1.45,1
303,Finanzas,58,0.4,8268,2.02,3,55,3.46,0
304,RRHH,51,1.6,4025,2.94,37,22,2.0,0
305,Finanzas,50,1.8,6665,2.76,33,40,1.34,0
306,Operaciones,54,1.6,3911,2.05,37,23,4.51,0
307,Ventas,26,0.2,8335,3.53,29,27,4.74,0
308,Tecnologia,45,4.0,8253,2.0,3,13,2.0,0
309,Tecnologia,21,3.0,4002,4.06,26,47,1.68,0
310,Ventas,37,3.1,9386,3.52,20,55,4.61,0
311,Operaciones,37,0.3,4424,2.47,21,33,1.85,0
312,Tecnologia,33,0.9,2875,2.62,10,50,2.66,0
313,Tecnologia,43,1.0,5682,3.76,35,30,1.53,0
314,Tecnologia,24,0.3,8666,4.95,6,54,3.35,0
315,Tecnologia,41,3.9,1849,3.02,22,5,4.74,0
316,Finanzas,25,0.9,8162,4.33,8,44,1.29,0
317,Operaciones,27,2.5,3312,2.74,16,22,2.67,0
318,Ventas,58,4.2,5576,2.98,38,21,4.61,1
319,Ventas,35,0.7,8255,4.6,39,0,4.98,0
320,Tecnologia,27,7.0,8648,2.77,22,36,3.93,0
321,Operaciones,28,2.6,8414,4.95,28,35,2.55,0
322,Ventas,27,1.1,1953,3.07,3,38,2.76,0
323,Operaciones,58,3.6,2490,4.36,29,53,2.54,0
324,Tecnologia,54,6.9,7699,4.18,20,26,4.34,0
325,Operaciones,32,0.3,8123,4.7,24,47,2.42,0
326,Ventas,45,7.0,2632,4.29,31,34,2.39,0
327,Finanzas,36,0.3,3698,2.82,35,50,2.18,0
328,Operaciones,36,3.7,4804,3.36,20,39,2.7,0
329,RRHH,36,2.8,5207,4.2,23,22,4.35,0
330,Operaciones,22,8.3,2984,2.53,37,57,4.94,0
331,Tecnologia,28,2.5,3694,4.29,25,12,4.73,0
332,Ventas,54,7.0,6941,3.84,37,43,3.25,0
333,Finanzas,50,2.4,7901,3.08,24,29,2.24,0
334,Tecnologia,47,4.7,6306,3.18,25,44,4.54,0
335,Finanzas,48,4.4,8830,4.87,42,59,2.69,0
336,Tecnologia,35,17.1,8960,3.05,26,50,1.29,0
337,Finanzas,24,0.7,8158,4.42,11,50,2.4,0
338,Ventas,48,1.0,7192,4.29,14,51,2.06,0
339,Finanzas,37,1.9,6815,3.85,0,27,1.72,0
340,Operaciones,33,4.5,8060,4.32,23,51,4.21,0
341,RRHH,37,0.2,5031,4.12,37,50,2.83,0
342,Ventas,28,1.3,7058,2.52,23,4,2.57,0
343,Ventas,58,6.2,6143,2.34,6,20,4.1,0
344,Tecnologia,28,2.2,7756,4.83,4,20,2.6,0
345,Finanzas,34,1.7,3670,2.99,6,10,2.14,0
346,Tecnologia,32,16.6,6251,2.25,40,5,4.93,0
347,Tecnologia,39,9.1,6746,4.43,37,43,2.97,0
348,Finanzas,30,2.3,4669,4.78,15,34,4.52,0
349,Ventas,30,0.2,6285,2.84,37,7,1.74,1
350,Operaciones,23,1.3,5488,3.75,4,50,2.96,0
351,Tecnologia,54,8.7,4164,4.36,34,48,3.36,0
352,Finanzas,25,1.1,6187,2.55,17,16,3.55,0
353,Ventas,23,5.6,7247,2.51,16,25,1.12,0
354,Tecnologia,51,1.5,2344,2.67,5,14,4.85,0
355,Tecnologia,45,3.4,7109,4.83,22,55,3.82,0
356,Finanzas,26,1.3,6270,4.57,31,1,4.16,0
357,Tecnologia,23,0.3,5054,4.94,35,39,4.22,0
358,Operaciones,29,0.5,3415,4.5,24,0,4.82,0
359,Tecnologia,23,3.6,7383,3.79,28,42,1.7,0
360,Ventas,45,1.8,3015,3.96,39,46,4.62,0
361,Finanzas,45,1.4,4805,3.41,25,51,1.66,0
362,Tecnologia,31,4.9,6205,3.99,27,31,1.35,0
363,Tecnologia,46,2.3,2657,4.19,25,41,1.62,1
364,Ventas,28,2.0,9230,3.98,11,27,2.72,0
365,RRHH,44,7.1,5494,2.73,0,30,3.56,0
366,Operaciones,40,1.5,8627,4.28,13,28,3.58,0
367,Operaciones,23,3.5,6943,2.8,33,38,4.57,0
368,Finanzas,30,0.3,4595,3.87,8,4,3.9,0
369,Ventas,58,2.1,2845,3.97,0,46,4.97,0
370,Operaciones,42,1.5,8688,2.96,30,18,2.05,0
371,Operaciones,29,1.5,8235,4.54,0,16,3.74,0
372,Ventas,52,8.9,5998,4.38,19,29,2.67,0
373,Operaciones,48,3.9,4305,4.77,23,41,2.95,0
374,Finanzas,23,0.2,2165,2.66,33,18,3.38,0
375,Ventas,42,5.9,2101,3.37,39,5,3.58,0
376,Operaciones,45,6.3,7902,2.15,20,35,2.53,0
377,Ventas,24,0.3,5142,3.56,14,24,2.18,0
378,RRHH,43,1.7,3439,3.09,26,53,1.08,0
379,Finanzas,50,0.6,7448,4.64,2,21,3.98,0
380,Ventas,56,1.4,5700,4.86,23,37,4.53,0
381,Ventas,46,0.0,4039,4.55,26,6,3.82,0
382,Operaciones,51,3.1,4734,4.49,16,48,2.16,0
383,Ventas,29,0.8,5200,3.86,24,28,4.57,0
384,RRHH,43,5.5,7396,4.2,30,12,2.98,0
385,Operaciones,27,9.9,5949,2.76,23,19,4.25,0
386,Tecnologia,26,0.9,6966,4.28,23,16,3.52,0
387,Tecnologia,44,9.3,6191,3.61,13,59,4.83,0
388,Operaciones,53,3.9,9428,2.27,17,10,3.17,0
389,RRHH,52,5.0,3096,4.47,15,15,4.77,0
390,Ventas,25,3.2,4613,4.17,31,29,2.66,0
391,Ventas,37,3.7,8629,3.93,14,44,3.54,1
392,Tecnologia,23,3.0,4881,4.12,30,31,1.67,1
393,Ventas,26,3.8,7058,4.29,37,3,4.84,0
394,Tecnologia,43,0.6,8197,2.51,13,33,4.74,0
395,Operaciones,50,2.7,5207,4.22,8,27,4.63,0
396,RRHH,45,1.7,8066,4.18,25,1,4.13,0
397,Ventas,41,0.0,4897,4.69,29,11,2.35,0
398,Operaciones,41,2.6,2477,2.95,9,5,2.45,0
399,Ventas,39,5.4,3690,3.66,2,49,2.21,0
400,Tecnologia,22,0.2,2069,2.61,8,6,3.02,0
401,Tecnologia,35,1.3,4749,2.72,7,3,1.86,0
402,Ventas,45,5.4,6195,2.76,39,55,4.88,0
403,Operaciones,26,0.6,4918,3.13,43,55,4.92,0
404,Operaciones,53,3.5,7682,2.05,10,8,1.63,0
405,RRHH,25,4.8,7205,3.82,20,48,3.11,0
406,Finanzas,41,1.3,3075,2.81,24,0,3.76,0
407,Tecnologia,52,0.3,3867,2.32,19,5,1.71,0
408,Tecnologia,53,0.4,7392,4.95,23,21,1.2,0
409,Operaciones,50,0.6,4282,4.05,39,21,4.09,0
410,Operaciones,31,3.8,5619,3.65,17,8,1.33,0
411,Ventas,48,21.9,8622,2.9,17,4,1.42,0
412,Tecnologia,44,5.5,4764,3.74,30,28,4.16,0
413,RRHH,31,3.4,8618,3.83,16,45,1.13,0
414,RRHH,38,2.2,9187,2.71,26,25,3.22,0
415,Operaciones,42,6.8,6969,2.06,32,33,3.55,0
416,Operaciones,29,5.9,8803,2.13,44,6,2.08,0
417,Ventas,31,2.1,6471,2.66,38,15,2.22,0
418,Ventas,24,5.2,7711,2.82,15,7,2.1,0
419,Ventas,51,5.0,3033,4.08,0,29,1.31,0
420,Finanzas,23,3.4,6240,4.63,40,32,1.77,0
421,Ventas,21,0.5,3841,2.35,9,34,4.49,0
422,RRHH,58,0.9,1970,4.5,18,54,3.62,0
423,Tecnologia,57,1.0,6166,3.23,30,21,2.45,0
424,RRHH,42,8.3,5712,2.16,13,13,2.89,0
425,RRHH,54,5.5,7664,4.18,30,32,3.75,0
426,RRHH,44,3.7,4654,4.86,7,50,4.06,0
427,Finanzas,26,2.1,3605,2.36,17,23,1.96,0
428,Tecnologia,40,2.4,4554,3.82,3,38,2.28,0
429,Operaciones,23,0.2,8079,2.48,1,57,2.23,0
430,Operaciones,47,2.5,4570,4.29,34,51,4.54,0
431,Ventas,26,0.3,3195,2.85,14,6,2.83,0
432,RRHH,32,2.5,7563,4.4,2,40,1.22,0
433,Ventas,54,2.0,9396,2.76,5,45,4.7,0
434,Operaciones,41,3.3,2377,2.31,38,29,1.26,1
435,Operaciones,24,0.6,5180,2.08,1,43,4.44,0
436,Tecnologia,25,0.6,7673,3.05,35,45,3.71,0
437,Tecnologia,27,0.1,3759,2.58,28,36,3.02,0
438,Finanzas,44,15.8,4095,3.1,1,41,1.56,0
439,Operaciones,36,3.1,7854,3.27,15,41,2.7,0
440,Operaciones,50,1.2,8960,2.78,43,37,2.2,1
441,Operaciones,57,1.9,3664,4.58,16,40,1.66,0
442,Ventas,28,1.0,7693,4.07,18,9,1.85,1
443,Operaciones,27,1.3,4603,4.45,21,57,1.39,0
444,Ventas,32,8.7,2379,3.64,23,55,2.34,0
445,RRHH,26,2.3,8889,2.46,9,4,4.61,0
446,Tecnologia,45,2.0,6646,4.08,34,32,3.24,0
447,Finanzas,50,1.1,3898,4.22,10,30,2.38,0
448,Operaciones,31,3.4,2420,3.89,36,10,2.1,0
449,Operaciones,50,1.3,5627,4.15,6,45,2.1,0
450,Ventas,57,0.4,2991,4.7,9,41,1.35,0
451,Operaciones,46,0.8,5452,2.35,35,27,1.47,0
452,Operaciones,31,5.1,9228,2.8,12,27,2.14,0
453,Operaciones,43,2.0,9083,2.58,34,8,3.99,0
454,Operaciones,37,14.1,2884,3.57,6,9,3.94,0
455,Tecnologia,37,2.4,8351,3.61,37,9,4.42,0
456,Ventas,55,1.6,6015,4.41,8,32,4.45,0
457,Operaciones,37,1.8,6842,4.44,10,10,1.84,0
458,Tecnologia,33,11.6,4376,2.61,30,22,2.61,0
459,Ventas,24,4.9,7944,4.89,33,17,4.07,0
460,Ventas,47,0.6,2120,4.19,2,44,2.38,0
461,Operaciones,49,2.5,9117,2.93,21,9,4.46,0
462,Ventas,58,3.9,6149,2.77,24,55,4.54,0
463,RRHH,46,7.2,5408,2.54,1,42,2.19,0
464,Tecnologia,56,9.9,8570,4.55,28,45,4.44,0
465,Tecnologia,43,6.9,7907,4.44,34,57,4.38,0
466,Finanzas,29,4.5,5788,4.32,42,6,3.66,0
467,Ventas,22,7.6,7970,3.1,28,7,2.4,1
468,Operaciones,52,2.3,6234,3.88,20,28,4.0,0
469,Finanzas,51,0.4,3278,4.54,12,37,3.35,0
470,Operaciones,49,1.7,3371,3.01,32,9,4.18,0
471,Finanzas,25,13.5,8703,2.1,20,45,3.89,0
472,Operaciones,56,0.7,9231,3.15,19,4,4.8,0
473,Tecnologia,48,6.1,8925,4.1,21,41,2.1,0
474,Ventas,57,2.1,7824,3.31,36,41,4.18,0
475,Ventas,47,0.3,4125,2.17,19,18,2.99,0
476,Finanzas,30,8.9,7962,3.88,13,29,3.35,0
477,Finanzas,47,0.2,6093,4.64,20,41,1.97,0
478,Finanzas,50,5.1,6325,2.2,18,10,1.85,0
479,Finanzas,40,16.7,8027,4.35,6,19,1.84,0
480,Finanzas,25,1.4,8032,2.28,18,34,2.43,1
481,RRHH,58,1.5,8441,4.88,6,44,4.01,0
482,Tecnologia,49,1.2,3888,4.45,9,38,2.29,0
483,Operaciones,36,0.7,4052,4.95,18,11,1.36,1
484,Operaciones,49,3.9,4760,5.0,1,12,1.85,1
485,RRHH,36,0.0,8407,3.43,44,51,2.53,0
486,Ventas,45,0.1,5972,3.94,37,59,1.95,1
487,Operaciones,50,0.7,5610,2.7,43,46,2.56,1
488,Ventas,22,4.5,2959,4.54,21,43,3.13,1
489,Operaciones,40,3.2,7548,2.87,8,43,1.26,0
490,Ventas,53,5.4,5585,2.3,15,29,2.64,0
491,Tecnologia,39,5.1,2326,2.8,18,42,1.36,0
492,Ventas,24,0.1,4403,4.02,23,25,3.13,0
493,Tecnologia,53,8.6,8973,4.74,38,26,4.69,0
494,Finanzas,45,4.7,3726,4.9,5,38,3.5,0
495,Ventas,56,10.5,7685,2.49,23,54,1.98,0
496,RRHH,21,0.4,2041,2.63,13,50,3.69,0
497,Finanzas,36,2.3,6302,3.24,42,57,4.33,0
498,Ventas,45,1.0,8209,3.49,10,13,3.64,0
499,Ventas,55,1.6,2743,2.4,24,7,2.4,1
500,Operaciones,31,4.7,8368,2.54,15,5,3.48,0
501,RRHH,44,1.8,5857,2.0,38,18,1.68,1
502,Ventas,55,3.1,8077,4.25,22,15,3.83,0
503,Ventas,41,5.3,4012,2.71,7,53,4.87,0
504,Tecnologia,24,2.2,8318,2.69,17,6,3.48,0
505,Finanzas,34,0.5,2337,4.44,30,47,1.96,1
506,Tecnologia,47,0.5,2335,2.0,34,41,3.95,1
507,Finanzas,53,4.9,8022,4.0,41,53,3.61,0
508,Operaciones,36,1.3,3205,4.84,22,11,1.73,1
509,Ventas,22,3.0,3021,3.32,3,39,1.63,0
510,Ventas,53,6.1,9106,3.43,22,30,3.17,0
511,Finanzas,22,3.4,7765,3.73,42,56,1.27,0
512,Operaciones,43,4.7,7519,4.0,12,31,4.48,0
513,Operaciones,22,6.6,4841,3.3,16,26,1.69,0
514,RRHH,42,1.5,8435,2.95,31,14,3.42,0
515,Tecnologia,57,0.3,3177,2.17,12,39,1.71,0
516,Ventas,35,0.6,3648,3.39,22,44,2.31,0
517,RRHH,29,2.5,3023,4.44,36,48,3.1,0
518,Tecnologia,49,2.1,5825,4.9,28,27,3.63,0
519,Operaciones,40,3.0,4958,4.56,3,53,4.69,0
520,Finanzas,24,4.0,2060,3.89,26,37,3.86,0
521,Ventas,30,4.3,3276,4.74,38,21,3.55,1
522,Operaciones,47,0.2,9436,4.67,7,34,2.3,0
523,Finanzas,44,1.6,5625,4.08,13,52,1.61,0
524,RRHH,22,0.1,9321,3.79,20,2,3.97,0
525,RRHH,44,3.1,5038,3.92,36,11,2.86,0
526,Ventas,48,5.7,5562,4.04,38,3,2.65,0
527,Ventas,39,0.4,3459,4.9,19,40,1.66,0
528,Ventas,48,8.9,6472,2.27,6,24,1.98,0
529,RRHH,31,0.8,2679,4.26,36,19,4.12,1
530,Ventas,52,5.8,2269,4.52,18,47,2.93,0
531,Ventas,41,0.4,3552,2.8,28,31,4.78,1
532,Operaciones,24,0.1,6565,2.72,4,9,1.87,0
533,Operaciones,47,5.4,1801,2.28,31,38,4.71,0
534,Ventas,53,1.1,7146,4.52,15,38,4.12,0
535,Operaciones,34,2.7,5890,3.49,0,38,4.28,0
536,Finanzas,28,3.5,8823,4.59,12,48,2.83,0
537,Operaciones,47,0.7,8685,2.9,20,36,1.4,1
538,Tecnologia,45,7.1,3919,3.57,40,50,3.23,1
539,Operaciones,48,2.1,3810,4.12,22,16,2.81,0
540,Tecnologia,38,1.5,6105,3.44,20,56,1.91,0
541,Tecnologia,50,0.4,1896,3.92,23,53,1.91,0
542,Ventas,50,2.1,9122,2.23,37,58,1.9,0
543,Tecnologia,42,9.2,3885,2.44,30,44,1.06,0
544,Finanzas,32,2.3,7647,5.0,40,14,4.83,0
545,Finanzas,55,2.3,5266,3.74,6,53,2.69,0
546,Tecnologia,27,5.2,1985,2.5,12,45,2.34,0
547,Tecnologia,26,4.1,3192,4.34,0,45,1.14,0
548,Finanzas,30,4.0,6855,3.75,20,51,3.52,0
549,Tecnologia,31,3.4,3243,2.8,13,34,4.74,0
550,Finanzas,34,8.2,6701,4.45,30,42,2.5,0
551,Finanzas,22,9.9,3067,3.12,20,52,1.22,0
552,Finanzas,56,3.1,4191,2.3,6,30,1.59,0
553,Operaciones,26,1.1,9352,4.97,8,37,4.59,0
554,Operaciones,25,2.9,3146,2.78,41,48,4.21,0
555,Tecnologia,32,1.8,5213,4.42,12,47,2.67,0
556,Ventas,39,3.7,7783,4.89,3,59,1.66,0
557,Finanzas,30,0.2,2201,4.88,36,17,3.14,0
558,Operaciones,25,0.2,4972,3.4,41,38,1.09,0
559,Finanzas,48,0.6,8003,2.89,25,17,3.55,0
560,Finanzas,46,2.1,8288,4.69,26,7,4.57,0
561,Ventas,23,1.3,5961,3.13,25,44,1.33,0
562,Ventas,37,0.6,3858,2.13,28,5,4.71,0
563,Operaciones,22,4.4,5561,2.23,35,8,1.98,0
564,Operaciones,55,1.2,6930,3.73,21,45,3.15,1
565,Finanzas,51,9.3,4703,3.73,30,8,2.29,1
566,Ventas,26,1.4,8783,4.2,23,23,3.47,1
567,Operaciones,47,1.6,3604,3.37,42,35,3.64,0
568,Finanzas,32,1.7,7099,2.55,5,55,3.53,0
569,Ventas,24,3.9,7122,4.01,20,54,4.18,0
570,Operaciones,54,6.2,4908,3.97,10,11,3.14,0
571,Operaciones,45,6.8,4473,2.85,4,51,3.28,0
572,Finanzas,35,2.6,2603,3.46,37,4,1.13,1
573,Tecnologia,38,5.8,7478,2.73,3,49,4.1,0
574,Operaciones,53,1.0,7696,3.42,4,50,2.14,0
575,RRHH,22,3.8,3245,3.61,22,20,1.0,0
576,Operaciones,57,5.9,2127,4.06,36,23,4.75,0
577,Finanzas,45,7.3,8856,2.78,29,37,4.34,0
578,Tecnologia,46,3.9,8113,2.47,33,56,4.79,0
579,Tecnologia,41,0.7,6195,3.6,17,52,2.44,0
580,Tecnologia,42,6.3,3497,2.26,6,53,1.1,0
581,Finanzas,42,3.2,6187,4.82,41,29,1.89,0
582,Tecnologia,35,2.4,7215,4.3,16,25,4.74,0
583,Tecnologia,47,7.7,6701,3.4,21,35,3.42,0
584,Operaciones,34,0.1,2282,3.77,19,48,4.69,1
585,Ventas,49,0.1,5850,4.85,23,27,4.92,0
586,Ventas,21,0.8,4820,4.7,9,26,3.83,0
587,Operaciones,32,1.1,2666,4.38,13,19,4.83,0
588,Tecnologia,22,3.0,8990,4.22,20,21,4.09,0
589,Ventas,58,4.4,3280,3.26,11,51,4.35,0
590,Tecnologia,29,1.2,2821,4.71,9,33,2.8,0
591,Ventas,56,4.2,4169,4.58,32,11,3.94,0
592,Ventas,46,2.9,3558,3.53,32,13,1.16,1
593,Operaciones,31,0.3,6390,3.81,35,42,4.99,0
594,Operaciones,45,4.2,5222,2.49,26,33,4.57,0
595,Tecnologia,53,7.0,2789,3.67,15,29,2.93,0
596,RRHH,26,1.2,6133,4.09,17,34,2.85,0
597,Finanzas,31,0.1,8119,2.93,43,32,4.91,0
598,Finanzas,25,0.0,4493,3.61,26,14,3.82,0
599,Finanzas,21,16.4,8357,4.06,8,10,4.95,0
600,Ventas,39,1.0,5781,2.28,32,46,4.94,0
